Municipality,Suburb
Casey City Council,Botanic Ridge
Casey City Council,Berwick
Port Phillip City Council,St Kilda
Melbourne City Council,South Yarra
Hobsons Bay City Council,Williamstown
Mornington Peninsula Shire Council,Cape Schanck
Mornington Peninsula Shire Council,Flinders
Mornington Peninsula Shire Council,Boneo
Mornington Peninsula Shire Council,Portsea
Casey City Council,Endeavour Hills
Yarra Ranges Shire Council,The Basin
Yarra Ranges Shire Council,Lysterfield
Bayside City Council,Beaumaris
Brimbank City Council,Bulla
Nillumbik Shire Council,Steels Creek
Wyndham City Council,Point Cook
Hume City Council,Melbourne Airport
Hobsons Bay City Council,Altona Meadows
Hobsons Bay City Council,Altona
Hobsons Bay City Council,Altona North
Hobsons Bay City Council,Williamstown North
Hobsons Bay City Council,Seaholme
Hobsons Bay City Council,Newport
Hobsons Bay City Council,Laverton
Hobsons Bay City Council,Brooklyn
Hobsons Bay City Council,Spotswood
Hobsons Bay City Council,South Kingsville
Hobsons Bay City Council,Seabrook
Hobsons Bay City Council,Port Melbourne
Mornington Peninsula Shire Council,Mornington
Mornington Peninsula Shire Council,Main Ridge
Mornington Peninsula Shire Council,Mount Eliza
Mornington Peninsula Shire Council,Hastings
Mornington Peninsula Shire Council,Balnarring
Mornington Peninsula Shire Council,Rye
Mornington Peninsula Shire Council,Baxter
Mornington Peninsula Shire Council,Mount Martha
Mornington Peninsula Shire Council,Red Hill
Mornington Peninsula Shire Council,Somers
Mornington Peninsula Shire Council,Rosebud
Mornington Peninsula Shire Council,Somerville
Mornington Peninsula Shire Council,McCrae
Mornington Peninsula Shire Council,Balnarring Beach
Mornington Peninsula Shire Council,Crib Point
Mornington Peninsula Shire Council,Arthurs Seat
Mornington Peninsula Shire Council,Dromana
Mornington Peninsula Shire Council,Merricks North
Mornington Peninsula Shire Council,Tyabb
Mornington Peninsula Shire Council,Blairgowrie
Mornington Peninsula Shire Council,Sorrento
Mornington Peninsula Shire Council,Moorooduc
Mornington Peninsula Shire Council,Safety Beach
Mornington Peninsula Shire Council,Bittern
Mornington Peninsula Shire Council,Tootgarook
Mornington Peninsula Shire Council,Red Hill South
Mornington Peninsula Shire Council,Shoreham
Mornington Peninsula Shire Council,Point Leo
Mornington Peninsula Shire Council,Capel Sound
Mornington Peninsula Shire Council,Tuerong
Casey City Council,Narre Warren North
Casey City Council,Cranbourne
Casey City Council,Narre Warren
Casey City Council,Lynbrook
Casey City Council,Cranbourne West
Casey City Council,Doveton
Casey City Council,Hallam
Casey City Council,Cranbourne North
Casey City Council,Eumemmerring
Casey City Council,Lyndhurst
Casey City Council,Cranbourne South
Casey City Council,Pearcedale
Casey City Council,Narre Warren South
Casey City Council,Hampton Park
Maribyrnong City Council,Maidstone
Maribyrnong City Council,West Footscray
Maribyrnong City Council,Yarraville
Maribyrnong City Council,Braybrook
Maribyrnong City Council,Footscray
Maribyrnong City Council,Maribyrnong
Maroondah City Council,Ringwood East
Maroondah City Council,Croydon
Maroondah City Council,Kilsyth South
Maroondah City Council,Ringwood North
Maroondah City Council,Mooroolbark
Maroondah City Council,Ringwood
Maroondah City Council,Croydon South
Maroondah City Council,Croydon North
Maroondah City Council,Croydon Hills
Maroondah City Council,Bayswater North
Maroondah City Council,Heathmont
Maroondah City Council,Kilsyth
Maroondah City Council,Warranwood
Moonee Valley City Council,Airport West
Moonee Valley City Council,Aberfeldie
Moonee Valley City Council,Ascot Vale
Moonee Valley City Council,Strathmore Heights
Moonee Valley City Council,Essendon
Moonee Valley City Council,Essendon West
Moonee Valley City Council,Travancore
Moonee Valley City Council,Pascoe Vale South
Moonee Valley City Council,Flemington
Moonee Valley City Council,Avondale Heights
Moonee Valley City Council,Moonee Ponds
Moonee Valley City Council,Strathmore
Moonee Valley City Council,Keilor East
Banyule City Council,Watsonia
Banyule City Council,Eaglemont
Banyule City Council,Greensborough
Banyule City Council,Heidelberg
Banyule City Council,Viewbank
Banyule City Council,Watsonia North
Banyule City Council,Ivanhoe East
Banyule City Council,Rosanna
Banyule City Council,Macleod
Banyule City Council,Ivanhoe
Banyule City Council,Lower Plenty
Banyule City Council,Heidelberg West
Banyule City Council,Bellfield
Banyule City Council,Montmorency
Banyule City Council,Bundoora
Banyule City Council,Eltham North
Banyule City Council,Heidelberg Heights
Banyule City Council,St Helena
Moreland City Council,Coburg North
Moreland City Council,Brunswick
Moreland City Council,Brunswick East
Moreland City Council,Brunswick West
Moreland City Council,Fawkner
Moreland City Council,Coburg
Moreland City Council,Glenroy
Moreland City Council,Oak Park
Moreland City Council,Pascoe Vale
Moreland City Council,Hadfield
Darebin City Council,Northcote
Darebin City Council,Reservoir
Darebin City Council,Kingsbury
Darebin City Council,Preston
Darebin City Council,Thornbury
Darebin City Council,Alphington
Yarra Ranges Shire Council,Tremont
Yarra Ranges Shire Council,Sassafras
Yarra Ranges Shire Council,Belgrave South
Yarra Ranges Shire Council,Belgrave
Yarra Ranges Shire Council,Mount Evelyn
Yarra Ranges Shire Council,The Patch
Yarra Ranges Shire Council,Menzies Creek
Yarra Ranges Shire Council,Badger Creek
Yarra Ranges Shire Council,McMahons Creek
Yarra Ranges Shire Council,Olinda
Yarra Ranges Shire Council,Yarra Junction
Yarra Ranges Shire Council,Dixons Creek
Yarra Ranges Shire Council,Healesville
Yarra Ranges Shire Council,Ferny Creek
Yarra Ranges Shire Council,Montrose
Yarra Ranges Shire Council,Sherbrooke
Yarra Ranges Shire Council,Upper Ferntree Gully
Yarra Ranges Shire Council,Mount Dandenong
Yarra Ranges Shire Council,Kalorama
Yarra Ranges Shire Council,Chirnside Park
Yarra Ranges Shire Council,Selby
Yarra Ranges Shire Council,Lilydale
Yarra Ranges Shire Council,Upwey
Yarra Ranges Shire Council,Coldstream
Yarra Ranges Shire Council,Albanvale
Yarra Ranges Shire Council,Yellingbo
Frankston City Council,Frankston
Frankston City Council,Frankston South
Frankston City Council,Seaford
Frankston City Council,Carrum Downs
Frankston City Council,Frankston North
Frankston City Council,Langwarrin
Frankston City Council,Skye
Whitehorse City Council,Vermont
Whitehorse City Council,Mitcham
Whitehorse City Council,Burwood East
Whitehorse City Council,Burwood
Whitehorse City Council,Blackburn
Whitehorse City Council,Surrey Hills
Whitehorse City Council,Box Hill North
Whitehorse City Council,Box Hill
Whitehorse City Council,Mont Albert North
Whitehorse City Council,Box Hill South
Whitehorse City Council,Blackburn North
Whitehorse City Council,Nunawading
Whitehorse City Council,Balwyn
Whitehorse City Council,Vermont South
Whitehorse City Council,Blackburn South
Boroondara City Council,Kew
Boroondara City Council,Hawthorn East
Boroondara City Council,Ashburton
Boroondara City Council,Glen Iris
Boroondara City Council,Hawthorn
Boroondara City Council,Deepdene
Boroondara City Council,Balwyn North
Boroondara City Council,Canterbury
Boroondara City Council,Camberwell
Boroondara City Council,Kew East
Greater Dandenong City Council,Keysborough
Greater Dandenong City Council,Dandenong
Greater Dandenong City Council,Noble Park
Greater Dandenong City Council,Springvale South
Greater Dandenong City Council,Dandenong North
Greater Dandenong City Council,Springvale
Manningham City Council,Park Orchards
Manningham City Council,North Warrandyte
Manningham City Council,Templestowe
Manningham City Council,Doncaster East
Manningham City Council,Wonga Park
Manningham City Council,Donvale
Manningham City Council,Templestowe Lower
Manningham City Council,Warrandyte
Manningham City Council,Doncaster
Manningham City Council,Bulleen
Knox City Council,Rowville
Knox City Council,Wantirna South
Knox City Council,Scoresby
Knox City Council,Bayswater
Knox City Council,Ferntree Gully
Knox City Council,Knoxfield
Knox City Council,Wantirna
Knox City Council,Boronia
Port Phillip City Council,Middle Park
Port Phillip City Council,Albert Park
Port Phillip City Council,Balaclava
Port Phillip City Council,South Melbourne
Port Phillip City Council,Elwood
Bayside City Council,Hampton
Bayside City Council,Hampton East
Bayside City Council,Brighton East
Bayside City Council,Brighton
Bayside City Council,Sandringham
Bayside City Council,Highett
Bayside City Council,Cheltenham
Bayside City Council,Black Rock
Melbourne City Council,Carlton
Melbourne City Council,Kensington
Melbourne City Council,North Melbourne
Melbourne City Council,Melbourne City
Melbourne City Council,Docklands
Melbourne City Council,East Melbourne
Melbourne City Council,Parkville
Melbourne City Council,West Melbourne
Melbourne City Council,Southbank
Melbourne City Council,Carlton North
Brimbank City Council,Ardeer
Brimbank City Council,Sunshine
Brimbank City Council,St Albans
Brimbank City Council,Derrimut
Brimbank City Council,Albion
Brimbank City Council,Kealba
Brimbank City Council,Deer Park
Brimbank City Council,Keilor
Brimbank City Council,Keilor Park
Brimbank City Council,Cairnlea
Brimbank City Council,Taylors Lakes
Brimbank City Council,Keilor Downs
Brimbank City Council,Delahey
Brimbank City Council,Kings Park
Brimbank City Council,Sunshine West
Brimbank City Council,Sunshine North
Brimbank City Council,Sydenham
Brimbank City Council,Hillside
Brimbank City Council,Keilor Lodge
Nillumbik Shire Council,Eltham
Nillumbik Shire Council,Hurstbridge
Nillumbik Shire Council,Panton Hill
Nillumbik Shire Council,Diamond Creek
Nillumbik Shire Council,Plenty
Nillumbik Shire Council,Yarrambat
Kingston City Council,Aspendale
Kingston City Council,Heatherton
Kingston City Council,Bonbeach
Kingston City Council,Parkdale
Kingston City Council,Braeside
Kingston City Council,Mordialloc
Kingston City Council,Dingley Village
Kingston City Council,Edithvale
Kingston City Council,Moorabbin
Kingston City Council,Patterson Lakes
Kingston City Council,Clayton South
Kingston City Council,Mentone
Kingston City Council,Aspendale Gardens
Kingston City Council,Oakleigh South
Kingston City Council,Clarinda
Yarra City Council,Richmond
Yarra City Council,Clifton Hill
Yarra City Council,Fitzroy North
Yarra City Council,Fairfield
Yarra City Council,Burnley
Monash City Council,Glen Waverley
Monash City Council,Wheelers Hill
Monash City Council,Mount Waverley
Monash City Council,Ashwood
Monash City Council,Clayton
Monash City Council,Chadstone
Monash City Council,Notting Hill
Wyndham City Council,Little River
Wyndham City Council,Werribee
Wyndham City Council,Werribee South
Wyndham City Council,Hoppers Crossing
Wyndham City Council,Tarneit
Wyndham City Council,Wyndham Vale
Wyndham City Council,Laverton North
Whittlesea City Council,Epping
Whittlesea City Council,Kinglake West
Whittlesea City Council,Lalor
Whittlesea City Council,South Morang
Stonnington City Council,Malvern East
Stonnington City Council,Malvern
Stonnington City Council,Kooyong
Stonnington City Council,Toorak
Stonnington City Council,Armadale
Hume City Council,Sunbury
Hume City Council,Broadmeadows
Hume City Council,Meadow Heights
Hume City Council,Tullamarine
Hume City Council,Greenvale
Hume City Council,Gladstone Park
Hume City Council,Dallas
Hume City Council,Roxburgh Park
Hume City Council,Westmeadows
Hume City Council,Coolaroo
Hume City Council,Jacana
Hume City Council,Campbellfield
Melton City Council,Melton South
Melton City Council,Taylors Hill
Melton City Council,Burnside Heights
Melton City Council,Kurunjang
Melton City Council,Harkness
Melton City Council,Melton West
Melton City Council,Strathtulloh
Melton City Council,Brookfield
Melton City Council,Eynesbury
Melton City Council,Diggers Rest
Melton City Council,Caroline Springs
Melton City Council,Cobblebank
Melton City Council,Burnside
Melton City Council,Weir Views
Melton City Council,Rockbank
Melton City Council,Mount Cottrell
Melton City Council,Thornhill Park
Mitchell Shire Council,Seymour
Mitchell Shire Council,Heathcote
Glen Eira City Council,Glen Huntly
Glen Eira City Council,Caulfield North
Glen Eira City Council,Bentleigh East
Glen Eira City Council,Murrumbeena
Glen Eira City Council,Ormond
Glen Eira City Council,Carnegie
Yarra City Council,Fitzroy
Yarra City Council,Abbotsford
Yarra City Council,Collingwood
Yarra City Council,Princes Hill
Yarra City Council,Princess Hill
Yarra City Council,Cremorne
Moonee Valley City Council,Niddrie
Moonee Valley City Council,East Keilor
Moonee Valley City Council,North Essendon
Melton City Council,Melton
Melton City Council,Ravenhall
Melton City Council,Toorlern Vale
Brimbank City Council,Kelba
Port Phillip City Council,St Kilda East
Port Phillip City Council,Stkilda
Darebin City Council,Keon Park
Darebin City Council,West Preston
Stonnington City Council,East Malvern
Stonnington City Council,Prahran
Stonnington City Council,Windsor
Nillumbik Shire Council,Research
Nillumbik Shire Council,Wattle Glen
Nillumbik Shire Council,Arthurs Creek
Nillumbik Shire Council,Kangaroo Ground
Nillumbik Shire Council,St Andrews
Nillumbik Shire Council,Strathewen
Nillumbik Shire Council,Christmas Hills
Mornington Peninsula Shire Council,Sommerville
Mornington Peninsula Shire Council,Merricks
Mornington Peninsula Shire Council,St Andrews Beach
Mornington Peninsula Shire Council,Hmas Cerberus
Mornington Peninsula Shire Council,Rosebud West
Mornington Peninsula Shire Council,Cape Schank
Mornington Peninsula Shire Council,Mt Eliza
Mornington Peninsula Shire Council,Mccrae
Mornington Peninsula Shire Council,Merricks Beach
Mornington Peninsula Shire Council,Fingal
Boroondara City Council,North Balwyn
Monash City Council,Wodonga
Monash City Council,Oakleigh
Monash City Council,Huntingdale
Monash City Council,Mt Waverley
Monash City Council,Mulgrave
Kingston City Council,Chelsea Heights
Kingston City Council,Carrum
Kingston City Council,Chelsea
Hume City Council,Somerton
Hume City Council,Craigieburn
Hume City Council,Donnybrook
Hume City Council,Gisborne South
Hume City Council,Gisborne
Mitchell Shire Council,Wallan
Mitchell Shire Council,Kilmore
Mitchell Shire Council,Broadford
Mitchell Shire Council,Wandong
Mitchell Shire Council,Tallarook
Mitchell Shire Council,Pyalong
Cardinia Shire Council,Bunyip
Cardinia Shire Council,Cockatoo
Cardinia Shire Council,Beaconsfield
Cardinia Shire Council,Avonsleigh
Cardinia Shire Council,Cora Lynn
Cardinia Shire Council,Garfield
Cardinia Shire Council,Gembrook
Cardinia Shire Council,Koo Wee Rup
Cardinia Shire Council,Lang Lang
Cardinia Shire Council,Nar Nar Goon
Cardinia Shire Council,Officer
Cardinia Shire Council,Upper Beaconsfield
Cardinia Shire Council,Emerald
Cardinia Shire Council,Pakenham
Cardinia Shire Council,Cardinia
Cardinia Shire Council,Maryknoll
Cardinia Shire Council,Pakenham Upper
Cardinia Shire Council,Pakenham South
Cardinia Shire Council,Tynong
Cardinia Shire Council,Beaconsfield Upper
Cardinia Shire Council,Modella
Cardinia Shire Council,Garfield North
Cardinia Shire Council,Nar Nar Goon North
Cardinia Shire Council,Guys Hill
Cardinia Shire Council,Yannathan
Yarra Ranges Shire Council,Monbulk
Yarra Ranges Shire Council,Narre Warren East
Yarra Ranges Shire Council,Powelltown
Yarra Ranges Shire Council,Seville
Yarra Ranges Shire Council,Silvan
Yarra Ranges Shire Council,Wandin East
Yarra Ranges Shire Council,Wandin North
Yarra Ranges Shire Council,Warburton
Yarra Ranges Shire Council,Wesburn
Yarra Ranges Shire Council,Lauching Place
Yarra Ranges Shire Council,Woori Yallock
Yarra Ranges Shire Council,Yarra Glen
Yarra Ranges Shire Council,Gladysdale
Yarra Ranges Shire Council,Gruyere
Yarra Ranges Shire Council,Hoddles Creek
Yarra Ranges Shire Council,Millgrove
Yarra Ranges Shire Council,Macclesfield
Yarra Ranges Shire Council,Yering
Yarra Ranges Shire Council,Croyden
Whitehorse City Council,Bennettswood
Whitehorse City Council,Forest Hill
Whitehorse City Council,Mont Albert
Greater Dandenong City Council,Noble Park North
Greater Dandenong City Council,Bangholme
Greater Dandenong City Council,Dandenong South
Casey City Council,Cranbourne East
Casey City Council,Clyde
Casey City Council,Deavon Meadows
Casey City Council,Tooradin
Casey City Council,Warneet
Casey City Council,Junction Village
Casey City Council,Clyde North
Casey City Council,Harkaway
Bayside City Council,Elsternwick
Bayside City Council,North Brighton
Bayside City Council,Beaumoris
Banyule City Council,West Heidelberg
Banyule City Council,East Ivanhoe Vic
Banyule City Council,Yallambie
Glen Eira City Council,Bentleigh
Glen Eira City Council,Caulfield
Glen Eira City Council,Mckinnon
Glen Eira City Council,Caulfield East
Glen Eira City Council,Caulfield South
Whittlesea City Council,Humevale
Whittlesea City Council,Whittlesea
Whittlesea City Council,Thomastown
Whittlesea City Council,Mill Park
Whittlesea City Council,Doreen
Whittlesea City Council,Mernda
Whittlesea City Council,Wollert
Whittlesea City Council,Yan Yean
Moreland City Council,Coburg West
Moreland City Council,Gowanbrae
Manningham City Council,East Doncaster
Manningham City Council,South Warrandyte
Manningham City Council,Lower Templestowe
Melbourne City Council,Melbourne
Melbourne City Council,South Kensington
Frankston City Council,Franskton South
Frankston City Council,Sandhurst
Wyndham City Council,Truganina
Maribyrnong City Council,Kingsville
Yarra Ranges Shire Council,Belgrave Heights
Wyndham City Council,Quandong
Wyndham City Council,Manor Lakes
Whittlesea City Council,Beveridge
Whittlesea City Council,Woodstock
Hume City Council,Wildwood
Hume City Council,Mickleham
Melton City Council,Bonnie Brook
Mitchell Shire Council,Clonbinane
Mitchell Shire Council,Sugarloaf Creek
Mitchell Shire Council,Kilmore East
Mitchell Shire Council,Tooborac
Mitchell Shire Council,Highlands
Mitchell Shire Council,Puckapunyal
Mitchell Shire Council,Willowmavin
Mitchell Shire Council,Hilldene
Mitchell Shire Council,Whiteheads Creek
Mitchell Shire Council,Upper Plenty
Yarra Ranges Shire Council,Noojee
Mitchell Shire Council,Avenel
Kingston City Council,Waterways
Moonee Valley City Council,Essendon Fields
Moonee Valley City Council,Essendon North
Melton City Council,Aintree
Melton City Council,Deanside
Melton City Council,Exford
Melton City Council,Fieldstone
Melton City Council,Fraser Rise
Melton City Council,Grangefields
Melton City Council,Parwan
Melton City Council,Plumpton
Melton City Council,Toolern Vale
Brimbank City Council,Keilor North
Port Phillip City Council,Ripponlea
Port Phillip City Council,St Kilda West
Nillumbik Shire Council,Bend Of Islands
Nillumbik Shire Council,Cottles Bridge
Nillumbik Shire Council,Nutfield
Nillumbik Shire Council,Smiths Gully
Nillumbik Shire Council,Watsons Creek
Monash City Council,Hughesdale
Monash City Council,Oakleigh East
Kingston City Council,Moorabbin Airport
Hume City Council,Attwood
Hume City Council,Clarkefield
Hume City Council,Kalkallo
Hume City Council,Oaklands Junction
Hume City Council,Yuroke
Mitchell Shire Council,Bylands
Mitchell Shire Council,Forbes
Mitchell Shire Council,Glenaroua
Mitchell Shire Council,Glenhope
Mitchell Shire Council,Glenhope East
Mitchell Shire Council,Heathcote Junction
Mitchell Shire Council,Heathcote South
Mitchell Shire Council,High Camp
Mitchell Shire Council,Mangalore
Mitchell Shire Council,Mia Mia
Mitchell Shire Council,Moranding
Mitchell Shire Council,Northwood
Mitchell Shire Council,Nulla Vale
Mitchell Shire Council,Reedy Creek
Mitchell Shire Council,Sunday Creek
Mitchell Shire Council,Tarcombe
Mitchell Shire Council,Trawool
Mitchell Shire Council,Tyaak
Mitchell Shire Council,Waterford Park
Cardinia Shire Council,Bayles
Cardinia Shire Council,Bunyip North
Cardinia Shire Council,Caldermeade
Cardinia Shire Council,Catani
Cardinia Shire Council,Clematis
Cardinia Shire Council,Dalmore
Cardinia Shire Council,Dewhurst
Cardinia Shire Council,Heath Hill
Cardinia Shire Council,Iona
Cardinia Shire Council,Koo Wee Rup North
Cardinia Shire Council,Lang Lang East
Cardinia Shire Council,Longwarry
Cardinia Shire Council,Monomeith
Cardinia Shire Council,Mount Burnett
Cardinia Shire Council,Nangana
Cardinia Shire Council,Nyora
Cardinia Shire Council,Officer South
Cardinia Shire Council,Rythdale
Cardinia Shire Council,Tonimbuk
Cardinia Shire Council,Tynong North
Cardinia Shire Council,Vervale
Yarra Ranges Shire Council,Beenak
Yarra Ranges Shire Council,Big Pats Creek
Yarra Ranges Shire Council,Chum Creek
Yarra Ranges Shire Council,Don Valley
Yarra Ranges Shire Council,East Warburton
Yarra Ranges Shire Council,Gilderoy
Yarra Ranges Shire Council,Kallista
Yarra Ranges Shire Council,Launching Place
Yarra Ranges Shire Council,Matlock
Yarra Ranges Shire Council,Mount Toolebewong
Yarra Ranges Shire Council,Reefton
Yarra Ranges Shire Council,Seville East
Yarra Ranges Shire Council,Tarrawarra
Yarra Ranges Shire Council,Tecoma
Yarra Ranges Shire Council,Three Bridges
Yarra Ranges Shire Council,Toolangi
Casey City Council,Blind Bight
Casey City Council,Cannons Creek
Casey City Council,Devon Meadows
Casey City Council,Lysterfield South
Banyule City Council,Briar Hill
Glen Eira City Council,Gardenvale
Glen Eira City Council,McKinnon
Whittlesea City Council,Eden Park
Maribyrnong City Council,Seddon
Maribyrnong City Council,Tottenham
Manningham City Council,Warrandyte South
Melbourne City Council,South Wharf
Frankston City Council,Langwarrin South
Wyndham City Council,Mambourin
Wyndham City Council,Williams Landing